noticia,resultado
"Economia Tokenizada e IA: o subjetivo que pode apoiar a realidade
A inteligência artificial poderá ajudar os brasileiros com suas finanças. A IA pode somar e entregar resultados ainda melhores, automatizando processos de decisão that facilitam o dia a dia das pessoas e das empresas. Quanto mais dados a base da IA tiveros melendações e processos automáticos, que podem acontecer, mas hoje de formação. A tecnologia poderia direcionar o valor referente a essa economia diretamente para um investimento, ajudando no controle orçamentário de curto e longo prazos. Esses são apenas alguns exemplos do potencial da aplicação da intelligence artificial no mercado financeiro, principalmente na economia tokenizada.",neutral
"Pix por aproximação promete rapidez e praticidade: o que falta para funcionar?
Erro ao resumir o texto: index out of range in self",neutral
"PwC é multada no Reino Unido, em 15 milhões de libras, por auditoria da London Capital & Finance
O governador do Estado de São Paulo é o principal cabo eleitoral do prefeito da capital paulista, Ricardo Nunes (MDB) A lista dos usuários that acessaram a plataforma X após a decisão de suspender a rede social no Brasil está sob sigilo.Deputada e Walter Delgatti Neto são réus em processo sobre invasão de sistemas do CNJ. A situação de emergência significa que há risco de ruptura iminente; as barragens estão localizadas no bairro Passo do Salso, em Pelotas. No Brasil, base da pirâmide aposta menos em políticas públicas than no Estado of São Paulo. A PwC não reporta suspeita de fraude na auditoria que fez da gestora London Capital & Finance.",neutral
"Avanço da reforma sobre os cuidados básicos com a saúde menstrual
Erro ao resumir o texto: index out of range in self",positive
"Novas tecnologias colocam moedas digitais e Bets na agenda da gestão monetária
Erro ao resumir o texto: index out of range in self",neutral
"Pix automático chega em 2025; 'Bancos não veem a hora', diz BC
Erro ao resumir o texto: index out of range in self",positive
"Abertura econômica é caminho para desenvolvimento
Brasil precisa de abertura econômica para crescer, dizem donos do Plano Real. Ex-ministro da Fazenda Pedro Malan e ex-presidente do Banco Central Gustavo Franco. Ambos participaram nesta segunda-feira (12) do Finance of Tomorrow, evento paralelo do G20. A variação ficou acima da previsão do mercado e o IPCA acumula alta de 4,5% nos últimos 12 meses. O Brasil precise ter maior integração with outros locais do ponto de vista financeiro, tecnológico and comercial.. A sociedade brasileira hoje não permitirá que nenhum governo tenha uma atitude excessivamente leniente e complacente acerca da inflação.",neutral
"Da conta digital ao Drex, entenda como a tecnologia influenciou mudanças regulatórias
Erro ao resumir o texto: index out of range in self",positive
"CDBs prefixados têm disparada nas taxas diante de aversão ao risco; veja quanto pagam
Erro ao resumir o texto: index out of range in self",positive
"Barcelona receberá aporte de 100 mi de euros, diz site
Barcelona receberá aporte de 100 mi de euros, diz site. pagamento substituirá 10% das ações do Barça Studios. Inicialmente, o fundo alemão Libero Football Finance havia concordado em adquirir essas açaças em 2023. Com o novo acordo, o clube receiveberá 40 million euros imediatamente. 3 patrocinadores estão por trás dessa injeção de dinheiro: Nike, Spotify e Aramark. A Nike fornece os uniformes, enquanto o Spotify estampa as camisas e roupas de treino. A Aramark trabalha na reforma do Camp Nou. O anúncio oficial está previsto para 4ª feira (7.ago.2024) e coincidirá com o retorno do time da turnê de pré-temporada pelos Estados Unidos.",neutral
"Das quadras para o mercado: assessor acumula R$ 155 mi sob custódia aos 24 anos
Erro ao resumir o texto: index out of range in self",positive
"Open finance turbina super apps de bancos: o que você ganha com isso?
Erro ao resumir o texto: index out of range in self",neutral
"Cronograma da portabilidade do crédito no Open Finance está sendo desenvolvido por BC e CMN
Cronograma da portabilidade do crédito no Open Finance está sendo desenvolvido. O Banco Central pretende estabelecer um grupo de trabalho. A Zetta, associação que representa empresas como o Nubank, tem como principal bandeira o fim dessa cobrança. Bancos tradicionais são contrários, mas o BC disse não ter posicionamento.. O BC confirmou that um gruo de trabho deve ser montado. O CMN confirmou que um group of experts will debater o tema this ano. The Bank of Canada (BOC) está realizando estudos sobre a portabilisedade of crerdito via Open Finance. A BOC não está posicionada sobre o Ressarcimento de Custos de Operação (RCO)",neutral
"Novo tipo de título tem lastro em criptomoedas e promete pagar 43% ao ano; entenda
Erro ao resumir o texto: index out of range in self",positive
